ID,ID2,Item title,Final URL,Image URL,Item subtitle,Item description,Item category,Price,Sale price,Contextual keywords,Item address
177,ER479,ALLURING  TURQUOISE EARRINGS,https://poeticajewels.com/alluring-turquoise-earrings,https://poeticajewels.com/https://poeticajewels.com/image/cache/catalog/products/Earrings/ER479/645A8095-750x1000.jpg,ALLURING  TURQUOISE EARRINGS,,Earrings,4450 INR,,,
163,NP307,ALLURING CHOKER WITH INTRICATE FLORAL MOTIFS WITH RUBY RED DROPS,https://poeticajewels.com/alluring-choker-with-intricate-floral-motifs-with-ruby-red-drops,https://poeticajewels.com/https://poeticajewels.com/image/cache/catalog/products/Necklaces/NP307/645A8059_2-750x1000.jpg,ALLURING CHOKER WITH INTRICATE FLORAL MOTIFS WITH RUBY RED DROPS,,Necklaces,49450 INR,,,
150,NP282,ALLURING PEACOCK TURQUOISE NECKLACE,https://poeticajewels.com/alluring-peacock-turquoise-necklace,https://poeticajewels.com/https://poeticajewels.com/image/cache/catalog/products/Necklaces/NP282/645A8074_2-750x1000.jpg,ALLURING PEACOCK TURQUOISE NECKLACE,,Necklaces,24450 INR,,,
178,ER480,BEADED PEACOCK EARRINGS WITH RUBY RED FLOWER,https://poeticajewels.com/beaded-peacock-earrings-with-ruby-red-flower,https://poeticajewels.com/https://poeticajewels.com/image/cache/catalog/products/Earrings/ER480/645A7988-750x1000.jpg,BEADED PEACOCK EARRINGS WITH RUBY RED FLOWER,,Earrings,5450 INR,,,
167,NP314,BEADED PEACOCK NECKLACE WITH FISH MOTIF,https://poeticajewels.com/beaded-peacock-necklace-with-fish-motif,https://poeticajewels.com/https://poeticajewels.com/image/cache/catalog/products/Necklaces/NP314/645A7970_2-750x1000.jpg,BEADED PEACOCK NECKLACE WITH FISH MOTIF,,Necklaces,39450 INR,,,
189,ER530,BEAT THE BLUES EARRINGS,https://poeticajewels.com/beat-the-blue-earrings,https://poeticajewels.com/https://poeticajewels.com/image/cache/catalog/products/Earrings/ER530/645A7757-750x1000.jpg,BEAT THE BLUES EARRINGS,,Earrings,12450 INR,,,
199,ER545,BLACK SPINEL ZIRCONIUM DANGLERS ,https://poeticajewels.com/black-spinel-zirconium-danglers,https://poeticajewels.com/https://poeticajewels.com/image/cache/catalog/products/Earrings/ER545/645A4571-750x1000.jpg,BLACK SPINEL ZIRCONIUM DANGLERS ,,Earrings,4950 INR,,,
184,ER525,BLOOMING LOTUS AND PEARLS EARRINGS,https://poeticajewels.com/blooming-lotus-and-pearls-earrings,https://poeticajewels.com/https://poeticajewels.com/image/cache/catalog/products/Earrings/ER525/645A4461-750x1000.jpg,BLOOMING LOTUS AND PEARLS EARRINGS,,Earrings,9450 INR,,,
196,ER540,BLOOMING ROSE EARRINGS,https://poeticajewels.com/blooming-rose-earrings,https://poeticajewels.com/https://poeticajewels.com/image/cache/catalog/products/Earrings/ER540/645A4472-750x1000.jpg,BLOOMING ROSE EARRINGS,,Earrings,5950 INR,,,
192,ER534,CHAND BALI EARRINGS,https://poeticajewels.com/chand-bali-earrings,https://poeticajewels.com/https://poeticajewels.com/image/cache/catalog/products/Earrings/ER534/645A4380-750x1000.jpg,CHAND BALI EARRINGS,,Earrings,15450 INR,,,
176,ER474,CHANDA TARA HOOP DANGLERS,https://poeticajewels.com/chanda-tara-hoop-danglers,https://poeticajewels.com/https://poeticajewels.com/image/cache/catalog/products/Earrings/ER474/645A8133-750x1000.jpg,CHANDA TARA HOOP DANGLERS,,Earrings,4450 INR,,,
165,NP309,CHANDA TARA LONG NECKLACE,https://poeticajewels.com/chanda-tara-long-necklace,https://poeticajewels.com/https://poeticajewels.com/image/cache/catalog/products/Necklaces/NP309/645A8114_2-750x1000.jpg,CHANDA TARA LONG NECKLACE,,Necklaces,24450 INR,,,
193,ER536,CROWNING GLORY EARRINGS,https://poeticajewels.com/crowning-glory-earrings,https://poeticajewels.com/https://poeticajewels.com/image/cache/catalog/products/Earrings/ER536/645A4370-750x1000.jpg,CROWNING GLORY EARRINGS,,Earrings,12450 INR,,,
174,ER468,DANCING DUET PEACOCK EARRINGS,https://poeticajewels.com/dancing-duet-peacock-earrings,https://poeticajewels.com/https://poeticajewels.com/image/cache/catalog/products/Earrings/ER468/645A8113-750x1000.jpg,DANCING DUET PEACOCK EARRINGS,,Earrings,5950 INR,,,
155,NP295,DANCING PEACOCK NECKLACE,https://poeticajewels.com/dancing-peacock-necklace,https://poeticajewels.com/https://poeticajewels.com/image/cache/catalog/products/Necklaces/NP295/645A4803-750x1000.jpg,DANCING PEACOCK NECKLACE,,Necklaces,19450 INR,,,
173,ER467,DANCING PEACOCKS IN A GARDEN FLORAL JHUMKI,https://poeticajewels.com/dancing-peacocks-in-a-garden-floral-jhumki,https://poeticajewels.com/https://poeticajewels.com/image/cache/catalog/products/Earrings/ER467/645A8027-750x1000.jpg,DANCING PEACOCKS IN A GARDEN FLORAL JHUMKI,,Earrings,5950 INR,,,
170,NP318,DANCING PEACOCKS IN A GARDEN NECKLACE,https://poeticajewels.com/dancing-peacocks-in-a-garden-necklace,https://poeticajewels.com/https://poeticajewels.com/image/cache/catalog/products/Necklaces/NP318/645A8020-750x1000.jpg,DANCING PEACOCKS IN A GARDEN NECKLACE,,Necklaces,29450 INR,,,
148,NP275,DOUBLE LAYERED ROSY RED BEADED PEACOCK NECKLACE,https://poeticajewels.com/double-layered-rosy-red-beaded-peacock-necklace,https://poeticajewels.com/https://poeticajewels.com/image/cache/catalog/products/Necklaces/NP275/645A4879-750x1000.jpg,DOUBLE LAYERED ROSY RED BEADED PEACOCK NECKLACE,,Necklaces,17450 INR,,,
154,NP294,ELEGANT CHOKER WITH GREEN CRYSTALS AND FLOWER BUDS,https://poeticajewels.com/elegant-choker-with-green-crystals-and-flower-buds,https://poeticajewels.com/https://poeticajewels.com/image/cache/catalog/products/Necklaces/NP294/645A4856-750x1000.jpg,ELEGANT CHOKER WITH GREEN CRYSTALS AND FLOWER BUDS,,Necklaces,14450 INR,,,
146,NP279,ESTATE SILVER NECKLACE INSPIRED BY TURKMEN CRAFT,https://poeticajewels.com/estate-silver-necklace-inspired-by-turkmen-craft,https://poeticajewels.com/https://poeticajewels.com/image/cache/catalog/products/Necklaces/NP279/645A0854-750x1000.jpg,ESTATE SILVER NECKLACE INSPIRED BY TURKMEN CRAFT,,Necklaces,29450 INR,,,
168,NP315,ETHNIC SILVER NECKLACE STUDDED WITH GREEN ONYX AND SILVER AMBIYAN,https://poeticajewels.com/ethnic-silver-necklace-studded-with-green-onyx-and-silver-ambiyan,https://poeticajewels.com/https://poeticajewels.com/image/cache/catalog/products/Necklaces/NP315/645A4883-750x1000.jpg,ETHNIC SILVER NECKLACE STUDDED WITH GREEN ONYX AND SILVER AMBIYAN,,Necklaces,12450 INR,,,
162,NP306,FLOWER NECKLACE,https://poeticajewels.com/flower-necklace,https://poeticajewels.com/https://poeticajewels.com/image/cache/catalog/products/Necklaces/NP306/645A4851-750x1000.jpg,FLOWER NECKLACE,,Necklaces,18450 INR,,,
185,ER526,FLOWERS IN A GARDEN EARRINGS,https://poeticajewels.com/flower-in-garden-earrings,https://poeticajewels.com/https://poeticajewels.com/image/cache/catalog/products/Earrings/ER526/645A7808-750x1000.jpg,FLOWERS IN A GARDEN EARRINGS,,Earrings,6450 INR,,,
161,NP304,GANESH LOTUS NECKLACE,https://poeticajewels.com/ganesh-lotus-necklace,https://poeticajewels.com/https://poeticajewels.com/image/cache/catalog/products/Necklaces/NP304/645A8097_2-750x1000.jpg,GANESH LOTUS NECKLACE,,Necklaces,44450 INR,,,
195,ER539,GLORIOUS FLOWER STUDS WITH GREEN ONYX,https://poeticajewels.com/glorious-lorious-flower-studs-with-green-onyx,https://poeticajewels.com/https://poeticajewels.com/image/cache/catalog/products/Earrings/ER539/645A4435-750x1000.jpg,GLORIOUS FLOWER STUDS WITH GREEN ONYX,,Earrings,2450 INR,,,
198,ER544,GREEN ONYX FLOWER EARRINGS,https://poeticajewels.com/green-onyx-flower-earrings,https://poeticajewels.com/https://poeticajewels.com/image/cache/catalog/products/Earrings/ER544/645A4396-750x1000.jpg,GREEN ONYX FLOWER EARRINGS,,Earrings,4950 INR,,,
188,ER529,HEART OF GOLD EARRINGS,https://poeticajewels.com/heart-of-gold-earrings,https://poeticajewels.com/https://poeticajewels.com/image/cache/catalog/products/Earrings/ER529/645A7733-750x1000.jpg,HEART OF GOLD EARRINGS,,Earrings,14450 INR,,,
186,ER527,HEART OF PEACOCK EARRINGS,https://poeticajewels.com/heart-of-peacock-earrings,https://poeticajewels.com/https://poeticajewels.com/image/cache/catalog/products/Earrings/ER527/645A7772-750x1000.jpg,HEART OF PEACOCK EARRINGS,,Earrings,11450 INR,,,
159,NP302,KRISHNA LOVER NECKLACE,https://poeticajewels.com/krishna-lover-necklace,https://poeticajewels.com/https://poeticajewels.com/image/cache/catalog/products/Necklaces/NP302/645A4841-750x1000.jpg,KRISHNA LOVER NECKLACE,,Necklaces,19450 INR,,,
160,NP303,LAKSHMI COIN NECKLACE,https://poeticajewels.com/lakshmi-coin-necklace,https://poeticajewels.com/https://poeticajewels.com/image/cache/catalog/products/Necklaces/NP303/645A4847-750x1000.jpg,LAKSHMI COIN NECKLACE,,Necklaces,12450 INR,,,
149,NP280,LAKSHMI GANESHA PENDANT LONG NECKLACE,https://poeticajewels.com/lakshmi-ganesha-pendant-long-necklace,https://poeticajewels.com/https://poeticajewels.com/image/cache/catalog/products/Necklaces/NP280/645A4868-750x1000.jpg,LAKSHMI GANESHA PENDANT LONG NECKLACE,,Necklaces,49450 INR,,,
175,ER469,LAKSHMI VILAS EARRINGS,https://poeticajewels.com/lakshmi-vilas-earrings,https://poeticajewels.com/https://poeticajewels.com/image/cache/catalog/products/Earrings/ER469/645A8006-750x1000.jpg,LAKSHMI VILAS EARRINGS,,Earrings,4950 INR,,,
169,NP316,LAKSHMI VILAS NECKLACE,https://poeticajewels.com/lakshmi-vilas-necklace,https://poeticajewels.com/https://poeticajewels.com/image/cache/catalog/products/Necklaces/NP316/645A4808-750x1000.jpg,LAKSHMI VILAS NECKLACE,,Necklaces,34450 INR,,,
180,ER521,LOVING HEART EARRINGS,https://poeticajewels.com/loving-heart-earrings,https://poeticajewels.com/https://poeticajewels.com/image/cache/catalog/products/Earrings/ER521/645A7786-750x1000.jpg,LOVING HEART EARRINGS,,Earrings,7450 INR,,,
151,NP284,MAGNIFICENT VISHNU NECKLACE,https://poeticajewels.com/magnificent-vishnu-necklace,https://poeticajewels.com/https://poeticajewels.com/image/cache/catalog/products/Necklaces/NP284/645A4830-750x1000.jpg,MAGNIFICENT VISHNU NECKLACE,,Necklaces,31450 INR,,,
156,NP297,MAJESTIC ELEPHANT NECKLACE,https://poeticajewels.com/majestic-elephant-necklace,https://poeticajewels.com/https://poeticajewels.com/image/cache/catalog/products/Necklaces/NP297/645A4740-750x1000.jpg,MAJESTIC ELEPHANT NECKLACE,,Necklaces,39450 INR,,,
166,NP310,MAJESTIC PEACOCKS AND ELEPHANTS NECKLACE,https://poeticajewels.com/majestic-peacocks-and-elephant-necklace,https://poeticajewels.com/https://poeticajewels.com/image/cache/catalog/products/Necklaces/NP310/645A4780-750x1000.jpg,MAJESTIC PEACOCKS AND ELEPHANTS NECKLACE,,Necklaces,39450 INR,,,
157,NP298,NARGIS NECKLACE,https://poeticajewels.com/index.php?route=product/product&amp;product_id=157,https://poeticajewels.com/https://poeticajewels.com/image/cache/catalog/products/Necklaces/NP298/645A4862-750x1000.jpg,NARGIS NECKLACE,,Necklaces,19450 INR,,,
179,ER506,NIGHT BLUE FLOWER DANGLERS,https://poeticajewels.com/night-blue-flower-danglers,https://poeticajewels.com/https://poeticajewels.com/image/cache/catalog/products/Earrings/ER506/645A7740-750x1000.jpg,NIGHT BLUE FLOWER DANGLERS,,Earrings,3450 INR,,,
197,ER541,PEARL AND BLUE ENAMEL CRESCENT DANGLERS,https://poeticajewels.com/pearl-and-blue-enamel-crescent-danglers,https://poeticajewels.com/https://poeticajewels.com/image/cache/catalog/products/Earrings/ER541/645A4590-750x1000.jpg,PEARL AND BLUE ENAMEL CRESCENT DANGLERS,,Earrings,5950 INR,,,
194,ER538,PEARLY DANGLERS WITH HAND-PAINTED GANESH,https://poeticajewels.com/pearl-danglers-with-hand-painted-ganesh,https://poeticajewels.com/https://poeticajewels.com/image/cache/catalog/products/Earrings/ER538/645A4491-750x1000.jpg,PEARLY DANGLERS WITH HAND-PAINTED GANESH,,Earrings,11450 INR,,,
153,NP293,PRIDE OF PEACOCKS NECKLACE,https://poeticajewels.com/pride-of-peacocks-necklace,https://poeticajewels.com/https://poeticajewels.com/image/cache/catalog/4_2-750x1000.jpg,PRIDE OF PEACOCKS NECKLACE,,Necklaces,69450 INR,55560 INR,,
187,ER528,QUEEN OF HEARTS EARRINGS,https://poeticajewels.com/queen-of-hearts-earrings,https://poeticajewels.com/https://poeticajewels.com/image/cache/catalog/products/Earrings/ER528/645A7747-750x1000.jpg,QUEEN OF HEARTS EARRINGS,,Earrings,11450 INR,,,
181,ER522,ROSY RED FLOWER EARRINGS,https://poeticajewels.com/rosy-red-flower-earrings,https://poeticajewels.com/https://poeticajewels.com/image/cache/catalog/products/Earrings/ER522/645A7779-750x1000.jpg,ROSY RED FLOWER EARRINGS,,Earrings,10450 INR,,,
182,ER523,ROYAL RED DROP EARRINGS,https://poeticajewels.com/royal-red-drop-earrings,https://poeticajewels.com/https://poeticajewels.com/image/cache/catalog/products/Earrings/ER523/645A7792-750x1000.jpg,ROYAL RED DROP EARRINGS,,Earrings,7450 INR,,,
164,NP308,SEVEN LAYERED CHOKER WITH INTRICATE FLORAL MOTIF,https://poeticajewels.com/seven-layered-choker-with-intricate-floral-motif,https://poeticajewels.com/https://poeticajewels.com/image/cache/catalog/products/Necklaces/NP308/645A4816-750x1000.jpg,SEVEN LAYERED CHOKER WITH INTRICATE FLORAL MOTIF,,Necklaces,49450 INR,39560 INR,,
172,ER296,SEVEN LAYERED FLORAL DANGLERS,https://poeticajewels.com/seven-layered-floral-danglers,https://poeticajewels.com/https://poeticajewels.com/image/cache/catalog/products/Earrings/ER296/645A8073-750x1000.jpg,SEVEN LAYERED FLORAL DANGLERS,,Earrings,9950 INR,,,
152,NP291,SILVER BEADED NECKLACE WITH MAROON STRING,https://poeticajewels.com/silver-beaded-necklace-with-maroon-string,https://poeticajewels.com/https://poeticajewels.com/image/cache/catalog/products/Necklaces/NP291/645A4875-750x1000.jpg,SILVER BEADED NECKLACE WITH MAROON STRING,,Necklaces,11950 INR,,,
191,ER533,SWINGING MOON DANGLERS,https://poeticajewels.com/swinging-moon-danglers,https://poeticajewels.com/https://poeticajewels.com/image/cache/catalog/products/Earrings/ER533/645A4326-750x1000.jpg,SWINGING MOON DANGLERS,,Earrings,12450 INR,,,
183,ER524,THREE SILVER DROP EARRINGS,https://poeticajewels.com/three-silver-drop-earrings,https://poeticajewels.com/https://poeticajewels.com/image/cache/catalog/products/Earrings/ER524/645A7799-750x1000.jpg,THREE SILVER DROP EARRINGS,,Earrings,4950 INR,,,
147,NP300,TRADITIONAL SILVER NECKLACE STUDDED WITH PEARLS,https://poeticajewels.com/traditional-silver-necklace-studded-with-pearls,https://poeticajewels.com/https://poeticajewels.com/image/cache/catalog/products/Necklaces/NP300/645A0863-750x1000.jpg,TRADITIONAL SILVER NECKLACE STUDDED WITH PEARLS,,Necklaces,14450 INR,,,
171,NP508,TURQUOISE CHOKER,https://poeticajewels.com/turquoise-choker,https://poeticajewels.com/https://poeticajewels.com/image/cache/catalog/products/Necklaces/NP508/645A4769-750x1000.jpg,TURQUOISE CHOKER,,Necklaces,24450 INR,,,
158,NP301,VENKATASHWARA NECKLACE,https://poeticajewels.com/venkatashwara-necklace,https://poeticajewels.com/https://poeticajewels.com/image/cache/catalog/products/Necklaces/NP301/645A8001_2-750x1000.jpg,VENKATASHWARA NECKLACE,,Necklaces,49450 INR,,,
127,ER 531,AMBIYAN DANGLERS IN DUAL TONE,https://poeticajewels.com/ambiyan-danglers-in-dual-tone,https://poeticajewels.com/https://poeticajewels.com/image/cache/catalog/products/Earrings/ER%20531%20(Ambiyan%20Danglers%20in%20Dual%20Tone)/645A4503-750x1000.jpg,P AMBIYAN DANGLERS UN DUAL TONE,<p>Sterling Silver with Dual Tone 1.0 Micron gold plating<br></p>,Earrings,11450 INR,,,
135,NP489,AMBIYAN NECKLACE WITH INTRICATE CENTERPIECE,https://poeticajewels.com/ambiyan-necklace-with-intricate-centerpiece,https://poeticajewels.com/https://poeticajewels.com/image/cache/catalog/newnacklaces/NP489/645A8170-750x1000.jpg,AMBIYAN NECKLACE WITH INTRICATE CENTERPIECE,This necklace is a piece of art with an intricately designed central flower and Ambiyan in a row  embedded with radiant mulicolour crystals. Ambiyan are associated with prosperity and purity  making it ideal for your glorious Bridal wear and on auspicious,Necklaces,79450 INR,,,
222,HP-18,AQUA SHINE,https://poeticajewels.com/aqua-shine,https://poeticajewels.com/https://poeticajewels.com/image/cache/catalog/products/Happiness%20Collection/AQUA%20SHINE/0N8A0781-750x1000.jpg,AQUA SHINE,,Earrings,5950 INR,,,
256,ER-572,BIG FUN HOOPS,https://poeticajewels.com/big-fun-hoops,https://poeticajewels.com/https://poeticajewels.com/image/cache/catalog/products/Happiness%20Collection/BIG%20FUN%20HOOPS/2E9A8858-750x1000.JPG,BIG FUN HOOPS,,Earrings,2950 INR,,,
201,ER030,BIG HOOP EARRINGS,https://poeticajewels.com/big-hoop-earrings,https://poeticajewels.com/https://poeticajewels.com/image/cache/catalog/products/Earrings/ER030/P1_2-750x1000.jpg,BIG HOOP EARRINGS,,Earrings,3450 INR,,,
283,ER548,BIG SPIRAL HOOPS,https://poeticajewels.com/big-spiral-hoops,https://poeticajewels.com/https://poeticajewels.com/image/cache/catalog/products/Happiness%20Collection/BIG%20SPIRAL%20HOOPS/2E9A8864-750x1000.JPG,BIG SPIRAL HOOPS,,Earrings,920 INR,,,
130,ER543,BLOOMING FLOWER AND MOON DANGLERS,https://poeticajewels.com/blooming-flower-and-moon-danglers,https://poeticajewels.com/https://poeticajewels.com/image/cache/catalog/products/Earrings/ER%20543%20(Blooming%20Flower%20and%20Moon%20Danglers)/645A4321-750x1000.jpg,BLOOMING FLOWER AND MOON DANGLERS,<p>1.0 Micron Gold plated Sterling Silver<br></p>,Earrings,9450 INR,,,
207,HP-02,BLOOMING RUBIES,https://poeticajewels.com/blooming-rubies,https://poeticajewels.com/https://poeticajewels.com/image/cache/catalog/products/Happiness%20Collection/BLOOMING%20RUBIES/0N8A0559-750x1000.jpg,BLOOMING RUBIES,,Rings,7950 INR,,,
233,HP-28,BLUE DROPS,https://poeticajewels.com/blue-drops,https://poeticajewels.com/https://poeticajewels.com/image/cache/catalog/products/Happiness%20Collection/BLUE%20DROPS/0N8A0604-750x1000.jpg,BLUE DROPS,,Earrings,2490 INR,,,
124,ER516,BLUE EARRINGS WITH PEARLS,https://poeticajewels.com/blue-earrings-with-pearls,https://poeticajewels.com/https://poeticajewels.com/image/cache/catalog/products/Earrings/ER%20516%20(Blue%20Earrings%20with%20Pearls)/645A4361-750x1000.jpg,BLUE EARRINGS WITH PEARLS,<p>1.0 Micron Gold plated Sterling Silver<br></p>,Earrings,6950 INR,,,
223,HP-19,BLUE MOON DROPS,https://poeticajewels.com/blue-moon-drops,https://poeticajewels.com/https://poeticajewels.com/image/cache/catalog/products/Happiness%20Collection/BLUE%20MOON%20DROPS/0N8A0774-750x1000.jpg,BLUE MOON DROPS,,Earrings,2490 INR,,,
204,ER089,BLUE PLANET EARRINGS,https://poeticajewels.com/blue-planet-earrings,https://poeticajewels.com/https://poeticajewels.com/image/cache/catalog/products/Earrings/ER089/P4_1-750x1000.jpg,BLUE PLANET EARRINGS,,Earrings,3950 INR,,,
257,ER567,BOSSY CAT DANGLERS,https://poeticajewels.com/bossy-cat-danglers,https://poeticajewels.com/https://poeticajewels.com/image/cache/catalog/products/Happiness%20Collection/BOSSY%20CAT%20DANGLERS/2E9A8904-750x1000.JPG,BOSSY CAT DANGLERS,,Earrings,1250 INR,,,
258,ER566,CALMING PEARL STUDS,https://poeticajewels.com/calming-pearl-studs,https://poeticajewels.com/https://poeticajewels.com/image/cache/catalog/products/Happiness%20Collection/CALMING%20PEARL%20STUDS/2E9A8803-750x1000.JPG,CALMING PEARL STUDS,,Earrings,795 INR,,,
235,HP-29,CANDY DROPS,https://poeticajewels.com/candy-drops,https://poeticajewels.com/https://poeticajewels.com/image/cache/catalog/products/Happiness%20Collection/CANDY%20DROPS/0N8A0667-750x1000.jpg,CANDY DROPS,,Earrings,2950 INR,,,
145,NPER546,Chandrakalash Necklace Set,https://poeticajewels.com/chandrakalash-necklace-set,https://poeticajewels.com/https://poeticajewels.com/image/cache/catalog/newnacklaces/NR%20+%20ER%20546/645A8238-750x1000.jpg,Chandrakalash Necklace Set,Shining as bright as the stars in the night sky  be ready to add shimmer to your glamorous dress for a festive look or any auspicious occasion. The finely crafted set of necklace and paired earrings with creamy pearls  green onyx and glass crystals will r,Necklaces,44450 INR,,,
259,ER565,CHARMING DROP STUDS,https://poeticajewels.com/charming-drop-studs,https://poeticajewels.com/https://poeticajewels.com/image/cache/catalog/products/Happiness%20Collection/CHARMING%20DROP%20STUDS/2E9A8869-750x1000.JPG,CHARMING DROP STUDS,,Earrings,1490 INR,,,
139,NP494,CHOKER WITH GLASSWORK CENTERPIECE,https://poeticajewels.com/choker-with-glasswork-centrpiece,https://poeticajewels.com/https://poeticajewels.com/image/cache/catalog/newnacklaces/NP494/645A8205-750x1000.jpg,CHOKER WITH GLASSWORK CENTERPIECE,Be ready to be in the centre of limelight of any party or occasion  as this glittering choker with intricate work is bound to put the focus on you.,Necklaces,23450 INR,,,
137,NP492,CHOKER WITH MANGO LEAF AND KALASH MOTIFS,https://poeticajewels.com/choker-with-mango-leaf-and-kalash-motifs,https://poeticajewels.com/https://poeticajewels.com/image/cache/catalog/newnacklaces/NP492/645A4695-750x1000.jpg,CHOKER WITH MANGO LEAF AND KALASH MOTIFS,This delicate choker with interwoven Mango leaf and Kalash motifs symbolizing purity and prosperity would get you through the busy day on any auspicious occasion.,Necklaces,18450 INR,,,
136,NP491,CHOKER WITH MULTI COLOUR FLOWERS AND HOOPS,https://poeticajewels.com/choker-with-multi-colour-flowers-and-hoops,https://poeticajewels.com/https://poeticajewels.com/image/cache/catalog/newnacklaces/NP491/645A4676-750x1000.jpg,CHOKER WITH MULTI COLOUR FLOWERS AND HOOPS,This classy neckpiece with beautifully crafted multi colour flowers interwoven with hoops of glorious red crystals and milky pearls is a statement piece to grace on any auspicious occasion.,Necklaces,28450 INR,,,
140,NP495,CHOKER WITH STARRY GLASSWORK,https://poeticajewels.com/choker-with-starry-glasswork,https://poeticajewels.com/https://poeticajewels.com/image/cache/catalog/newnacklaces/NP495/645A4625-750x1000.jpg,CHOKER WITH STARRY GLASSWORK,Shining as bright as the stars in the night sky  be ready to add shimmer to your glamorous dress for a cocktail party or any auspicious occasion. The finely crafted glasswork with creamy pearls  will reflect the  light and add a glow to the glorious you.,Necklaces,29450 INR,,,
260,ER568,CHUNKY BOLD HOOPS,https://poeticajewels.com/chunky-bold-hoops,https://poeticajewels.com/https://poeticajewels.com/image/cache/catalog/products/Happiness%20Collection/CHUNKY%20BOLD%20HOOPS/2E9A8860-750x1000.JPG,CHUNKY BOLD HOOPS,,Earrings,2950 INR,,,
261,ER554,CHUNKY HOOPS WITH RING,https://poeticajewels.com/chunky-hoops-with-ring,https://poeticajewels.com/https://poeticajewels.com/image/cache/catalog/products/Happiness%20Collection/CHUNKY%20HOOPS%20WITH%20RING/2E9A8944-750x1000.JPG,CHUNKY HOOPS WITH RING,,Earrings,990 INR,,,
125,ER 518,CRESCENT DANGLERS WITH PEARLS,https://poeticajewels.com/crescent-danglers-with-pearls,https://poeticajewels.com/https://poeticajewels.com/image/cache/catalog/products/Earrings/ER%20518%20(Crescent%20Danglers%20with%20Pearls)/645A4539-750x1000.jpg,CRESCENT DANGLERS WITH PEARLS,<p>1.0 Micron Gold plated Sterling Silver<br></p>,Earrings,9950 INR,,,
210,HP-05,DAINTY DIVA,https://poeticajewels.com/dainty-diva,https://poeticajewels.com/https://poeticajewels.com/image/cache/catalog/products/Happiness%20Collection/DAINTY%20DIVA/0N8A0712-750x1000.jpg,DAINTY DIVA,,Earrings,3250 INR,,,
120,ER511,DANCING PEACOCK EARRINGS,https://poeticajewels.com/dancing-peacock-earrings,https://poeticajewels.com/https://poeticajewels.com/image/cache/catalog/products/Earrings/ER%20511%20(Peacock%20Pearl%20Earrings)/645A4426-750x1000.jpg,DANCING PEACOCK EARRINGS,<p>1.0 Micron Gold plated Sterling Silver<br></p>,Earrings,7950 INR,,,
121,ER512,DANGLERS WITH FLOWER,https://poeticajewels.com/danglers-with-flower,https://poeticajewels.com/https://poeticajewels.com/image/cache/catalog/products/Earrings/ER%20512%20(Danglers%20with%20Flower)/645A4351-750x1000.jpg,P DANGLERS WITH FLOWER,<p>1.0 Micron Gold plated Sterling Silver<br></p>,Earrings,9950 INR,,,
262,ER563,DEW DROP STUDS,https://poeticajewels.com/dew-drop-studs,https://poeticajewels.com/https://poeticajewels.com/image/cache/catalog/products/Happiness%20Collection/DEW%20DROP%20STUDS/2E9A8941-750x1000.JPG,DEW DROP STUDS,,Earrings,990 INR,,,
132,NP120,DOUBLE LAYERED MULTISTONE CHAIN NECKLACE,https://poeticajewels.com/double-layered-multistone-chain-necklace,https://poeticajewels.com/https://poeticajewels.com/image/cache/catalog/newnacklaces/NP120/645A4790-750x1000.jpg,DOUBLE LAYERED MULTISTONE CHAIN NECKLACE,You are the Sun  the Moon and all the shining Stars. This necklace with multi stones would add to your magnetic charm. It is a perfect choice for your party wear to add sparkle to your Indian or western dress.,Necklaces,19450 INR,,,
237,HP-30,DROPS OF LAVENDER,https://poeticajewels.com/drops-of-lavender,https://poeticajewels.com/https://poeticajewels.com/image/cache/catalog/products/Happiness%20Collection/DROPS%20OF%20LAVENDER/0N8A0696-750x1000.jpg,DROPS OF LAVENDER,,Rings,3490 INR,,,
238,HP-31,EARTHY VIBES,https://poeticajewels.com/EARTHY%20VIBES,https://poeticajewels.com/https://poeticajewels.com/image/cache/catalog/products/Happiness%20Collection/EARTHY%20VIBES/0N8A0706-750x1000.jpg,EARTHY VIBES,,Rings,3990 INR,,,
263,ER573,ELEGANT PEARL AND CRYSTAL STUDS,https://poeticajewels.com/elegant-pearl-and-crystal-studs,https://poeticajewels.com/https://poeticajewels.com/image/cache/catalog/products/Happiness%20Collection/ELEGANT%20PEARL%20AND%20CRYSTAL%20STUDS/2E9A8952-750x1000.JPG,ELEGANT PEARL AND CRYSTAL STUDS,,Earrings,1950 INR,,,
134,NP313,ETHNIC SILVER NECKLACE STUDDED WITH GREEN ONYX AND SILVER BEADS,https://poeticajewels.com/ethnic-silver-necklace-studded-with-green-onyx-and-silver-beads,https://poeticajewels.com/https://poeticajewels.com/image/cache/catalog/newnacklaces/NP313/645A4871-750x1000.jpg,ETHNIC SILVER NECKLACE STUDDED WITH GREEN ONYX AND SILVER BEADS,This ethnic Silver Necklace studded with Green Onyx and Silver beads is delicate yet bold and defines gracefulness.,Necklaces,18450 INR,,,
133,NP283,ETHNIC SILVER STUDDED WITH PEARLS AND TURQUOISE BEADS,https://poeticajewels.com/ethnic-silver-necklace-studded-with-pearls-and-turqouise-beads,https://poeticajewels.com/https://poeticajewels.com/image/cache/catalog/newnacklaces/NP283/645A4843-750x1000.jpg,ETHNIC SILVER STUDDED WITH PEARLS AND TURQUOISE BEADS,Make a bold statement with this perfect beaded necklace. The intricate placement of turqouise beads and pearls brings out feminine grace and is a perfect combination of ethnic and modern design.,Necklaces,29450 INR,,,
224,HP-20,FLORAL ART,https://poeticajewels.com/floral-art,https://poeticajewels.com/https://poeticajewels.com/image/cache/catalog/products/Happiness%20Collection/FLORAL%20ART/0N8A0756-750x1000.jpg,FLORAL ART,,Earrings,2990 INR,,,
226,HP-22,FLORAL ART (RED),https://poeticajewels.com/floral-art-red,https://poeticajewels.com/https://poeticajewels.com/image/cache/catalog/products/Happiness%20Collection/FLORAL%20ART%20(RED)/0N8A0747-750x1000.jpg,FLORAL ART (RED),,Earrings,2990 INR,,,
214,HP-11,GARDEN OF RUBIES,https://poeticajewels.com/garden-of-rubies,https://poeticajewels.com/https://poeticajewels.com/image/cache/catalog/products/Happiness%20Collection/GARDEN%20OF%20RUBIES/0N8A0524-750x1000.jpg,GARDEN OF RUBIES,,Rings,29950 INR,23960 INR,,
138,NP493,GLITTERING NECKLACE WITH PEARLS AND RED BEADS,https://poeticajewels.com/glittering-necklace-with-pearls-and-red-beads,https://poeticajewels.com/https://poeticajewels.com/image/cache/catalog/newnacklaces/NP493/645A4658-750x1000.jpg,GLITTERING NECKLACE WITH PEARLS AND RED BEADS,This glittering necklace with glorious red beads and creamy pearls is a perfect addition to your glamorous evening dress to get you ready for a cocktail party or any auspicious occasion.,Necklaces,23450 INR,,,
264,ER561,GLITTERY DROP STUDS,https://poeticajewels.com/glittery-drop-studs,https://poeticajewels.com/https://poeticajewels.com/image/cache/catalog/products/Happiness%20Collection/GLITTERY%20DROP%20STUDS/2E9A8889-750x1000.JPG,GLITTERY DROP STUDS,,Earrings,990 INR,,,
231,HP-27,GLOWING FLOWERS,https://poeticajewels.com/glowing-flowers,https://poeticajewels.com/https://poeticajewels.com/image/cache/catalog/products/Happiness%20Collection/GLOWING%20FLOWERS/0N8A0553-750x1000.jpg,GLOWING FLOWERS,,Rings,5990 INR,,,
265,ER556,GLOWING HEART DANGLERS,https://poeticajewels.com/glowing-heart-danglers,https://poeticajewels.com/https://poeticajewels.com/image/cache/catalog/products/Happiness%20Collection/GLOWING%20HEART%20DANGLERS/2E9A8913-750x1000.JPG,GLOWING HEART DANGLERS,,Earrings,1090 INR,,,
142,NP497,GOLD PLATED CHOKER WITH CRYSTALS AND GOLDEN BEADS,https://poeticajewels.com/gold-plated-choker-with-crystals-and-golden-beads,https://poeticajewels.com/https://poeticajewels.com/image/cache/catalog/newnacklaces/NP497/645A4616-750x1000.jpg,GOLD PLATED CHOKER WITH CRYSTALS AND GOLDEN BEADS,The intricate weaving of golden beads and glorious red crystals makes you glow with its sheen. This light and comfortable choker necklace puts the spotlight on you in every party.,Necklaces,37450 INR,,,
143,NP498,GOLD PLATED CHOKER WITH PEARLS  GLASS AND MEENAKARI,https://poeticajewels.com/gold-plated-choker-with-pearls-glass-and-meenakari,https://poeticajewels.com/https://poeticajewels.com/image/cache/catalog/newnacklaces/NP498/645A4613-750x1000.jpg,GOLD PLATED CHOKER WITH PEARLS  GLASS AND MEENAKARI,This modern and chic choker set with pearls  glass and enamel is your style statement when you enter a party. The elegant pearls in a row complement your grace and charm.,Necklaces,27450 INR,,,
119,ER510,GREEN MOON AND PEARLS EARRINGS,https://poeticajewels.com/green-moon-and-pearls-earrings,https://poeticajewels.com/https://poeticajewels.com/image/cache/catalog/products/Earrings/ER%20510%20(Green%20Moon%20and%20Pearls%20Earrings)/645A4451-750x1000.jpg,GREEN MOON AND PEARLS EARRINGS,<p>1.0 Micron Gold plated Sterling Silver<br></p>,Earrings,8950 INR,,,
129,ER542,GREEN MOON DANGLERS,https://poeticajewels.com/green-moon-danglers,https://poeticajewels.com/https://poeticajewels.com/image/cache/catalog/products/Earrings/ER%20542%20(Green%20Moon%20Danglers)/645A4406-750x1000.jpg,P GREEN MOON DANGLERS,<p>1.0 Micron Gold plated Sterling Silver<br></p>,Earrings,7450 INR,,,
229,HP-25,HONEY DROPS,https://poeticajewels.com/honey-drops,https://poeticajewels.com/https://poeticajewels.com/image/cache/catalog/products/Happiness%20Collection/HONEY%20DROPS/0N8A0631-750x1000.jpg,HONEY DROPS,,Earrings,1790 INR,,,
266,ER571,HOOP AND DANGLER DUO,https://poeticajewels.com/hoop-and-dangler-duo,https://poeticajewels.com/https://poeticajewels.com/image/cache/catalog/products/Happiness%20Collection/HOOP%20AND%20DANGLER%20DUO/2E9A8827-750x1000.JPG,HOOP AND DANGLER DUO,,Earrings,880 INR,,,
128,ER535,INTRICATE FLORAL WORK JHUMKI,https://poeticajewels.com/intricate-floral-work-jhumki,https://poeticajewels.com/https://poeticajewels.com/image/cache/catalog/products/Earrings/ER%20535%20(Intricate%20Floral%20work%20Jhumki)/645A8178-750x1000.jpg,INTRICATE FLORAL WORK JHUMKI,<p>1.0 Micron Gold plated Sterling Silver<br></p>,Earrings,22450 INR,,,
141,NP496,KRISHNALEELA CHOKER,https://poeticajewels.com/krishnaleela-choker,https://poeticajewels.com/https://poeticajewels.com/image/cache/catalog/newnacklaces/NP496/645A4640-750x1000.jpg,KRISHNALEELA CHOKER,A picture speaks a thousand words and so does this Krishnaleela Choker. Krishna is considered an epitome of love  compassion and wisdom. You make a statement with this Krishnaleela Choker when you arrive at any party or an auspicious gathering . People ca,Necklaces,49450 INR,,,
202,ER082,LABORITE STUDDED RECTANGULAR EARRINGS,https://poeticajewels.com/laborite-studded-rectangular-earrings,https://poeticajewels.com/https://poeticajewels.com/image/cache/catalog/products/Earrings/ER082/P2_3-750x1000.jpg,LABORITE STUDDED RECTANGULAR EARRINGS,,Earrings,6450 INR,,,
236,HP-29,LAVENDER BUDS,https://poeticajewels.com/lavender-buds,https://poeticajewels.com/https://poeticajewels.com/image/cache/catalog/products/Happiness%20Collection/LAVENDER%20BUDS/0N8A0670-750x1000.jpg,LAVENDER BUDS,,Earrings,2950 INR,,,
230,HP-26,LAVENDER GLORY,https://poeticajewels.com/lavender-glory,https://poeticajewels.com/https://poeticajewels.com/image/cache/catalog/products/Happiness%20Collection/LAVENDER%20GLORY/0N8A0542-750x1000.jpg,LAVENDER GLORY,,,9990 INR,,,
203,ER087,LONG DROP EARRINGS WITH ROW OF PEARLS,https://poeticajewels.com/long-drop-earrings-with-row-of-pearls,https://poeticajewels.com/https://poeticajewels.com/image/cache/catalog/products/Earrings/ER087/645A0383-1125-750x1000.jpg,LONG DROP EARRINGS WITH ROW OF PEARLS,,Earrings,3450 INR,,,
122,ER513,LUMINOUS BLUE MOON EARRINGS,https://poeticajewels.com/luminous-blue-moon-earrings,https://poeticajewels.com/https://poeticajewels.com/image/cache/catalog/products/Earrings/ER%20513%20(Luminous%20Blue%20Moon%20Earrings)/645A4528-750x1000.jpg,LUMINOUS BLUE MOON EARRINGS,<p>1.0 Micron Gold plated Sterling Silver<br></p>,Earrings,7450 INR,,,
126,ER520,MOON SHAPED DANGLERS WITH FLOWER,https://poeticajewels.com/moon-shaped-danglers-with-flower,https://poeticajewels.com/https://poeticajewels.com/image/cache/catalog/products/Earrings/ER%20520%20(Moon%20Shaped%20danglers%20with%20Flower)/645A4414-750x1000.jpg,MOON SHAPED DANGLERS WITH FLOWER,<p>1.0 Micron Gold plated Sterling Silver<br></p>,Earrings,11450 INR,,,
228,HP-24,NIGHT STARS,https://poeticajewels.com/night-stars,https://poeticajewels.com/https://poeticajewels.com/image/cache/catalog/products/Happiness%20Collection/NIGHT%20STARS/0N8A0642-750x1000.jpg,NIGHT STARS,,Earrings,2950 INR,,,
234,HP-28,ORANGE BLOSSOMS,https://poeticajewels.com/orange-blossoms,https://poeticajewels.com/https://poeticajewels.com/image/cache/catalog/products/Happiness%20Collection/ORANGE%20BLOSSOMS/0N8A0609-750x1000.jpg,ORANGE BLOSSOMS,,Earrings,2490 INR,,,
267,ER574,PAW PRINT DANGLERS,https://poeticajewels.com/paw-print-danglers,https://poeticajewels.com/https://poeticajewels.com/image/cache/catalog/products/Happiness%20Collection/PAW%20PRINT%20DANGLERS/2E9A8911-750x1000.JPG,PAW PRINT DANGLERS,,Earrings,1220 INR,,,
118,ER509,PEACOCK PEARL EARRINGS,https://poeticajewels.com/peacock-pearl-earrings,https://poeticajewels.com/https://poeticajewels.com/image/cache/catalog/products/Earrings/ER%20509%20(Peacock%20Pearl%20Earrings)/645A4389-750x1000.jpg,PEACOCK PEARL EARRINGS,<p>1.0 Micron Gold plated Sterling Silver<br></p>,Earrings,12450 INR,,,
144,NP500,PEACOCK PEARL NECKLACE,https://poeticajewels.com/peacock-pearl-necklace,https://poeticajewels.com/https://poeticajewels.com/image/cache/catalog/newnacklaces/NP500/645A4760-750x1000.jpg,PEACOCK PEARL NECKLACE,The Peacock symbolises royalty  honour and majestic beauty. This long pearl necklace is reflective of your outer as well as inner beauty. Be ready to accept the complements coming your way when you enter a party or a get together with friends and family,Necklaces,21450 INR,,,
221,HP-18,PEARLY GLOW,https://poeticajewels.com/pearly-glow,https://poeticajewels.com/https://poeticajewels.com/image/cache/catalog/products/Happiness%20Collection/PEARLY%20GLOW/0N8A0809-750x1000.jpg,PEARLY GLOW,,Earrings,4500 INR,,,
268,ER559,PURE LOVE STUDS,https://poeticajewels.com/pure-love-studs,https://poeticajewels.com/https://poeticajewels.com/image/cache/catalog/products/Happiness%20Collection/PURE%20LOVE%20STUDS/2E9A8955-750x1000.JPG,PURE LOVE STUDS,,Earrings,650 INR,,,
131,RG507,RADIANT LOTUS RING,https://poeticajewels.com/radiant-lotus-ring,https://poeticajewels.com/https://poeticajewels.com/image/cache/catalog/products/Rings/RG%20507%20(Radiant%20Lotus%20Ring)/645A8169-750x1000.jpg,P RADIANT LOTUS RING,<p>1.0 Micron Gold plated Sterling Silver<br></p>,Rings,1950 INR,,,
208,HP-03,RAYS OF RADIANCE,https://poeticajewels.com/rays-of-radiance,https://poeticajewels.com/https://poeticajewels.com/image/cache/catalog/products/Happiness%20Collection/RAYS%20OF%20RADIANCE/0N8A0577-750x1000.jpg,RAYS OF RADIANCE,,Earrings,3250 INR,,,
216,HP-13,RAYS OF SUNSHINE,https://poeticajewels.com/rays-of-sunshine,https://poeticajewels.com/https://poeticajewels.com/image/cache/catalog/products/Happiness%20Collection/RAYS%20OF%20SUNSHINE/0N8A0572-750x1000.jpg,RAYS OF SUNSHINE,,Rings,3990 INR,,,
117,BG 503,RED AND GREEN FLORAL MOTIF BANGLES,https://poeticajewels.com/red-and-white-twin-drop-bangles,https://poeticajewels.com/https://poeticajewels.com/image/cache/catalog/products/Bangles/BG%20503%20(Red%20and%20White%20Twin%20Drop%20Bangles)/645A8170-750x1000.jpg,RED AND GREEN FLORAL MOTIF BANGLES,<p>1.0 Micron Gold plated Sterling Silver<br></p>,Chanda,23450 INR,,,
115,BG501,RED AND WHITE DROP BANGLE,https://poeticajewels.com/red-and-white-drop-bangle,https://poeticajewels.com/https://poeticajewels.com/image/cache/catalog/products/Bangles/BG%20501%20(Red%20and%20White%20Drop%20Bangle)/645A8142-750x1000.jpg,RED AND WHITE DROP BANGLE,<p>1.0 Micron Gold plated Sterling Silver<br></p>,Chanda,12450 INR,,,
116,BG502,RED AND WHITE TWIN DROP BANGLES,https://poeticajewels.com/red-and-white-twin-drop-bangle,https://poeticajewels.com/https://poeticajewels.com/image/cache/catalog/products/Bangles/BG%20502%20(Red%20and%20Green%20Floral%20Motif%20Bangles)/645A8138-750x1000.jpg,RED AND WHITE TWIN DROP BANGLES,<p>1.0 Micron Gold plated Sterling Silver<br></p>,Chanda,27450 INR,,,
123,ER514,ROSY RED MOON HOOP EARRINGS,https://poeticajewels.com/rosy-red-moon-hoop-earrings,https://poeticajewels.com/https://poeticajewels.com/image/cache/catalog/products/Earrings/ER%20514%20(Rosy%20Red%20Moon%20Hoop%20Earrings)/645A4562-750x1000.jpg,P ROSY RED MOON HOOP EARRINGS,<p>1.0 Micron Gold plated Sterling Silver<br></p>,Earrings,8950 INR,,,
215,HP-12,ROYAL ELEGANCE,https://poeticajewels.com/royal-elegance,https://poeticajewels.com/https://poeticajewels.com/image/cache/catalog/products/Happiness%20Collection/ROYAL%20ELEGANCE/0N8A0547-750x1000.jpg,ROYAL ELEGANCE,,Rings,11950 INR,,,
206,HP-01,RUBY BLOSSOMS,https://poeticajewels.com/ruby-blossoms,https://poeticajewels.com/https://poeticajewels.com/image/cache/catalog/products/Happiness%20Collection/RUBY%20BLOSSOMS/0N8A0533-750x1000.jpg,RUBY BLOSSOMS,,Rings,14950 INR,,,
213,HP-08,SAPPHIRE DANGLERS,https://poeticajewels.com/sapphire-danglers,https://poeticajewels.com/https://poeticajewels.com/image/cache/catalog/products/Happiness%20Collection/SAPPHIRE%20DANGLERS/0N8A0512-750x1000.jpg,SAPPHIRE DANGLERS,,Earrings,9950 INR,,,
269,ER557,SEA SHELL STUDS,https://poeticajewels.com/sea-shell-studs,https://poeticajewels.com/https://poeticajewels.com/image/cache/catalog/products/Happiness%20Collection/SEA%20SHELL%20STUDS/2E9A8876-750x1000.JPG,SEA SHELL STUDS,,Earrings,1050 INR,,,
285,ER570,SHINY BIG PLAIN HOOPS,https://poeticajewels.com/shiny-big-plain-hoops,https://poeticajewels.com/https://poeticajewels.com/image/cache/catalog/products/Happiness%20Collection/SHINY%20BIG%20PLAIN%20HOOPS/2E9A8858-750x1000.JPG,SHINY BIG PLAIN HOOPS,,Earrings,1250 INR,,,
284,ER569,SHINY SMOOTH PLAIN HOOPS,https://poeticajewels.com/SHINY%20SMOOTH%20PLAIN%20HOOPS,https://poeticajewels.com/https://poeticajewels.com/image/cache/catalog/products/Happiness%20Collection/SHINY%20SMOOTH%20PLAIN%20HOOPS/2E9A8855-750x1000.JPG,SHINY SMOOTH PLAIN HOOPS,,Earrings,1110 INR,,,
219,HP-16,SHINY STARS,https://poeticajewels.com/shiny-stars,https://poeticajewels.com/https://poeticajewels.com/image/cache/catalog/products/Happiness%20Collection/SHINY%20STARS/0N8A0800-750x1000.jpg,SHINY STARS,,Earrings,2490 INR,,,
270,ER576,SHINY WINDING HOOPS,https://poeticajewels.com/shiny-winding-hoops,https://poeticajewels.com/https://poeticajewels.com/image/cache/catalog/products/Happiness%20Collection/SHINY%20WINDING%20HOOPS/2E9A8819-750x1000.JPG,SHINY WINDING HOOPS,,Earrings,1390 INR,,,
271,ER562,SILVER BEADS DROP STUDS,https://poeticajewels.com/silver-beads-drops-studs,https://poeticajewels.com/https://poeticajewels.com/image/cache/catalog/products/Happiness%20Collection/SILVER%20BEADS%20DROP%20STUDS/2E9A8882-750x1000.JPG,SILVER BEADS DROP STUDS,,Earrings,950 INR,,,
205,ER095,SILVER FLOWER WITH TURQUOISE DROP,https://poeticajewels.com/silver-flower-with-turquoise-drop,https://poeticajewels.com/https://poeticajewels.com/image/cache/catalog/products/Earrings/ER095/P5_2-750x1000.jpg,SILVER FLOWER WITH TURQOUISE DROP,,Earrings,3450 INR,,,
272,ER552,SIMPLY SHINE HOOPS,https://poeticajewels.com/simply-shine-hoops,https://poeticajewels.com/https://poeticajewels.com/image/cache/catalog/products/Happiness%20Collection/SIMPLY%20SHINE%20HOOPS/2E9A8873-750x1000.JPG,SIMPLY SHINE HOOPS,,Earrings,720 INR,,,
212,HP-07,SKY IS BLUE,https://poeticajewels.com/sky-is-blue,https://poeticajewels.com/https://poeticajewels.com/image/cache/catalog/products/Happiness%20Collection/SKY%20IS%20BLUE/0N8A0497-750x1000.jpg,SKY IS BLUE,,Rings,5950 INR,,,
273,ER575,SMALL CHUNKY HOOPS,https://poeticajewels.com/small-chunky-hoops,https://poeticajewels.com/https://poeticajewels.com/image/cache/catalog/products/Happiness%20Collection/SMALL%20CHUNKY%20HOOPS/2E9A8934-750x1000.JPG,SMALL CHUNKY HOOPS,,Earrings,750 INR,,,
281,ER555,SMALL CHUNKY WINDING HOOPS,https://poeticajewels.com/small-chunky-winding-hoops,https://poeticajewels.com/https://poeticajewels.com/image/cache/catalog/products/Happiness%20Collection/SMALL%20CHUNKY%20WINDING%20HOOPS/2E9A8812-750x1000.JPG,SMALL CHUNKY WINDING HOOPS,,Earrings,960 INR,,,
279,ER550,SMALL SPIRAL HOOPS,https://poeticajewels.com/small-spiral-hoops,https://poeticajewels.com/https://poeticajewels.com/image/cache/catalog/products/Happiness%20Collection/SMALL%20SPIRAL%20HOOPS/2E9A8864-750x1000.JPG,SMALL SPIRAL HOOPS,,Earrings,750 INR,,,
280,ER551,SMALL WINDING HOOPS,https://poeticajewels.com/small-winding-hoops,https://poeticajewels.com/https://poeticajewels.com/image/cache/catalog/products/Happiness%20Collection/SMALL%20WINDING%20HOOPS/2E9A8872-750x1000.JPG,SMALL WINDING HOOPS,,Earrings,850 INR,,,
232,HP-27,SMOKY BLACK,https://poeticajewels.com/smoky-black,https://poeticajewels.com/https://poeticajewels.com/image/cache/catalog/products/Happiness%20Collection/SMOKY%20BLACK/0N8A0706-750x1000.jpg,SMOKY BLACK,,Rings,2950 INR,,,
274,ER560,SOFT SQUARE STUDS,https://poeticajewels.com/soft-square-studs,https://poeticajewels.com/https://poeticajewels.com/image/cache/catalog/products/Happiness%20Collection/SOFT%20SQUARE/2E9A8844-750x1000.JPG,SOFT SQUARE STUDS,,Earrings,900 INR,,,
217,HP-14,SPARKLING GLORY,https://poeticajewels.com/sparkling-glory,https://poeticajewels.com/,SPARKLING GLORY,,Earrings,3250 INR,,,
275,ER558,SPOTLIGHT STUDS,https://poeticajewels.com/spotlight-studs,https://poeticajewels.com/https://poeticajewels.com/image/cache/catalog/products/Happiness%20Collection/SPOTLIGHT%20STUDS/2E9A8836-750x1000.JPG,SPOTLIGHT STUDS,,Earrings,900 INR,,,
276,ER547,SPRING LEAF,https://poeticajewels.com/spring-leaf,https://poeticajewels.com/https://poeticajewels.com/image/cache/catalog/products/Happiness%20Collection/SPRING%20LEAF/2E9A8907-750x1000.JPG,SPRING LEAF,,Earrings,890 INR,,,
218,HP-15,STARRY NIGHTS,https://poeticajewels.com/starry-nights,https://poeticajewels.com/https://poeticajewels.com/image/cache/catalog/products/Happiness%20Collection/STARRY%20NIGHTS/0N8A0590-750x1000.jpg,STARRY NIGHTS,,Earrings,3250 INR,,,
209,HP-04,SUNNY GLOW,https://poeticajewels.com/sunny-glow,https://poeticajewels.com/https://poeticajewels.com/image/cache/catalog/products/Happiness%20Collection/SUNNY%20GLOW/0N8A0611-750x1000.jpg,SUNNY GLOW,,Earrings,2950 INR,,,
277,ER564,SUNSHINE GLOW,https://poeticajewels.com/sunshine-glow,https://poeticajewels.com/https://poeticajewels.com/image/cache/catalog/products/Happiness%20Collection/SUNSHINE%20GLOW/2E9A8796-750x1000.JPG,SUNSHINE GLOW,,Earrings,990 INR,,,
278,ER549,SWEETHEART HOOPS,https://poeticajewels.com/sweetheart-hoops,https://poeticajewels.com/https://poeticajewels.com/image/cache/catalog/products/Happiness%20Collection/SWEETHEART%20HOOPS/2E9A8928-750x1000.JPG,SWEETHEART HOOPS,,Earrings,1250 INR,,,
220,HP-17,SWINGING HOOPS (BLACK),https://poeticajewels.com/swinging-hoops-black,https://poeticajewels.com/https://poeticajewels.com/image/cache/catalog/products/Happiness%20Collection/SWINGING%20HOOPS%20(BLACK)/0N8A0795-750x1000.jpg,SWINGING HOOPS (BLACK),,Earrings,1995 INR,,,
225,HP-21,SWINGING HOOPS (BLUE),https://poeticajewels.com/swinging-hoops-blue,https://poeticajewels.com/https://poeticajewels.com/image/cache/catalog/products/Happiness%20Collection/SWINGING%20HOOPS%20(BLUE)/0N8A0739-750x1000.jpg,SWINGING HOOPS (BLUE),,Earrings,1995 INR,,,
211,HP-06,SWINGING HOOPS (WHITE),https://poeticajewels.com/swinging-hoops-white,https://poeticajewels.com/https://poeticajewels.com/image/cache/catalog/products/Happiness%20Collection/SWINGING%20HOOPS/0N8A0831-750x1000.jpg,SWINGING HOOPS (WHITE),,Earrings,1995 INR,,,
227,HP-23,TREE OF LIFE,https://poeticajewels.com/tree-of-life,https://poeticajewels.com/https://poeticajewels.com/image/cache/catalog/products/Happiness%20Collection/TREE%20OF%20LIFE/0N8A0754-750x1000.jpg,TREE OF LIFE,,Earrings,1950 INR,,,
282,ER546,TREE OF LIFE STUDS,https://poeticajewels.com/tree-of-life-studs,https://poeticajewels.com/https://poeticajewels.com/image/cache/catalog/products/Happiness%20Collection/TREE%20OF%20LIFE%20STUDS/2E9A8821-750x1000.JPG,TREE OF LIFE STUDS,,Earrings,850 INR,,,
